{"cameraMode":{"drawMode":0,"name":"Shaded","section":"Shading Mode"},"sceneLighting":true,"audioPlay":false,"sceneViewState":{"showFog":true,"showMaterialUpdate":false,"showSkybox":true,"showFlares":true,"showImageEffects":true,"showParticleSystems":true},"in2DMode":false,"pivot":{"x":0.32679814100265505,"y":6.521108627319336,"z":0.4248505234718323},"rotation":{"x":-0.22268781065940858,"y":0.20497606694698335,"z":-0.04795271158218384,"w":-0.9518908858299255},"size":1.3074090480804444,"orthographic":false}