{"cameraMode":{"drawMode":0,"name":"Shaded","section":"Shading Mode"},"sceneLighting":true,"audioPlay":false,"sceneViewState":{"showFog":true,"showMaterialUpdate":false,"showSkybox":false,"showFlares":true,"showImageEffects":true,"showParticleSystems":true},"in2DMode":false,"pivot":{"x":-0.06344369798898697,"y":0.1301804780960083,"z":0.8817446827888489},"rotation":{"x":-0.20560364425182343,"y":-0.12496749311685562,"z":0.02648935839533806,"w":-0.9702989459037781},"size":1.8452343940734864,"orthographic":false}